Num_blocks,Threads,Kernel_size,Try_1,Try_2,Try_3
1,128,3,2.095075,1.681851,1.680543
1,128,5,2.000936,2.000482,2.002640
1,128,7,2.630559,2.632158,2.638989
1,128,9,3.723726,3.710786,3.710793
1,128,11,4.835451,4.835869,4.836356
1,128,13,5.622240,5.628914,5.625739
1,128,15,7.107139,7.105130,7.105086
1,192,3,1.542573,1.542164,1.545975
1,192,5,1.755901,1.767045,1.757297
1,192,7,2.251488,2.214632,2.213334
1,192,9,2.938880,2.935762,2.937688
1,192,11,3.723314,3.725408,3.725255
1,192,13,4.562293,4.566380,4.561704
1,192,15,5.744280,5.737753,5.732785
1,256,3,1.479551,1.468334,1.470554
1,256,5,1.603930,1.603390,1.603284
1,256,7,1.932853,1.933075,1.934963
1,256,9,2.474643,2.474640,2.530884
1,256,11,3.083223,3.075122,3.073766
1,256,13,3.690730,3.691826,3.689710
1,256,15,4.576805,4.578308,4.611138
3,128,3,1.385015,1.380697,1.374340
3,128,5,1.426435,1.424851,1.424700
3,128,7,1.608615,1.609700,1.607076
3,128,9,1.944669,1.944303,1.987714
3,128,11,2.324229,2.324250,2.369866
3,128,13,2.644378,2.666423,2.644342
3,128,15,3.174477,3.207727,3.186829
3,192,3,6.132271,6.142164,6.135252
3,192,5,10.304356,10.315544,10.304836
3,192,7,17.428994,17.429412,17.434616
3,192,9,29.008704,29.007953,29.005260
3,192,11,40.963689,40.974801,40.959488
3,192,13,48.359999,48.359745,48.358403
3,192,15,63.590358,63.590008,63.589695
3,256,3,2.033710,1.303805,1.306728
3,256,5,1.305871,1.271069,1.273181
3,256,7,1.350215,1.322566,1.322793
3,256,9,1.458183,1.458419,1.463544
3,256,11,1.622300,1.626432,1.622423
3,256,13,1.753970,1.753857,1.754867
3,256,15,1.994934,1.991332,1.992113
6,128,3,1.303844,1.304106,1.304603
6,128,5,1.341955,1.273018,1.272965
6,128,7,1.323162,1.323764,1.323779
6,128,9,1.458106,1.461544,1.460822
6,128,11,1.622362,1.623651,1.623674
6,128,13,1.757152,1.756339,1.764191
6,128,15,1.994302,1.994588,1.993404
6,192,3,6.100739,6.100951,6.099954
6,192,5,10.237766,10.238398,10.239827
6,192,7,17.319676,17.311518,17.346138
6,192,9,28.823133,28.820597,28.821548
6,192,11,40.691603,40.691323,40.692353
6,192,13,48.016278,48.022550,48.023208
6,192,15,63.128922,63.130485,63.162785
6,256,3,10.883665,10.884923,10.890182
6,256,5,19.188532,19.191317,19.195864
6,256,7,33.254316,33.254618,33.259744
6,256,9,56.055928,56.055822,56.056422
6,256,11,79.579062,79.579818,79.578492
6,256,13,94.079590,94.080306,94.081555
6,256,15,123.997462,123.997617,123.998482
