Kernel_size,Threads,Try_1,Try_2,Try_3
15,16,41.013421 ,43.192513 ,41.017772 
