Threads,Try_1,Try_2,Try_3
1,0.696260 ,0.693528 ,0.694040 
2,0.358432 ,0.360257 ,0.359622 
4,0.187050 ,0.184378 ,0.185536 
8,0.167515 ,0.167959 ,0.184570 
16,0.184793 ,0.180469 ,0.178247 
