Threads,Try_1,Try_2,Try_3
1,1.723021 ,1.718257 ,1.712955 
2,0.865683 ,0.875111 ,0.865413 
4,0.443901 ,0.444043 ,0.437242 
8,0.401410 ,0.403045 ,0.471573 
16,0.417762 ,0.415472 ,0.422222 
