Threads,Try_1,Try_2,Try_3
1,7.629594 ,7.624815 ,7.648454 
2,3.874894 ,3.849832 ,3.863912 
4,2.002042 ,2.101134 ,1.967527 
8,1.891934 ,1.997745 ,1.907285 
16,2.064137 ,1.852880 ,1.942690 
