Threads,Try_1,Try_2,Try_3
1,6.986456 ,7.044606 ,7.132149 
2,3.640300 ,3.615646 ,3.600892 
4,1.854587 ,1.849997 ,1.855071 
8,1.675969 ,1.674195 ,1.726263 
16,1.705791 ,1.703652 ,1.700471 
