Threads,Try_1,Try_2,Try_3
1,1.577229 ,1.566189 ,1.564025 
2,0.807952 ,0.812553 ,0.814241 
4,0.418070 ,0.438152 ,0.415782 
8,0.385793 ,0.380921 ,0.375591 
16,0.386331 ,0.385298 ,0.385324 
